	ID	Taxa	Kingdom	Seq_Length	Site
4	O43155	Homo sapiens	Metazoa	660	35
6	O43866	Homo sapiens	Metazoa	347	19
8	O75629	Homo sapiens	Metazoa	220	31
9	O94985	Homo sapiens	Metazoa	981	28
17	P01579	Homo sapiens	Metazoa	166	23
23	P02649	Homo sapiens	Metazoa	317	18
25	P02743	Homo sapiens	Metazoa	223	19
30	P02774	Homo sapiens	Metazoa	474	16
32	P04062	Homo sapiens	Metazoa	536	39
36	P04275	Homo sapiens	Metazoa	2813	22
37	P04844	Homo sapiens	Metazoa	631	22
41	P06028	Homo sapiens	Metazoa	91	19
43	P06865	Homo sapiens	Metazoa	529	22
44	P07359	Homo sapiens	Metazoa	652	16
57	P13671	Homo sapiens	Metazoa	934	21
58	P13686	Homo sapiens	Metazoa	325	21
61	P16112	Homo sapiens	Metazoa	2530	16
62	P16150	Homo sapiens	Metazoa	400	19
64	P18510	Homo sapiens	Metazoa	177	25
65	P19438	Homo sapiens	Metazoa	455	29
67	P21128	Homo sapiens	Metazoa	410	18
71	P28039	Homo sapiens	Metazoa	575	23
72	P28335	Homo sapiens	Metazoa	458	32
77	P36897	Homo sapiens	Metazoa	503	33
79	P40259	Homo sapiens	Metazoa	229	28
81	P47710	Homo sapiens	Metazoa	185	15
82	P49767	Homo sapiens	Metazoa	419	31
83	P50895	Homo sapiens	Metazoa	628	31
84	P52798	Homo sapiens	Metazoa	201	25
85	P55000	Homo sapiens	Metazoa	103	22
87	P80188	Homo sapiens	Metazoa	198	20
89	P98066	Homo sapiens	Metazoa	277	17
90	Q01151	Homo sapiens	Metazoa	205	19
91	Q02083	Homo sapiens	Metazoa	359	28
92	Q02747	Homo sapiens	Metazoa	115	21
93	Q03405	Homo sapiens	Metazoa	335	22
95	Q13162	Homo sapiens	Metazoa	271	37
96	Q14392	Homo sapiens	Metazoa	662	19
98	Q14802	Homo sapiens	Metazoa	87	20
102	Q16568	Homo sapiens	Metazoa	116	27
103	Q16627	Homo sapiens	Metazoa	93	19
105	Q5ZPR3	Homo sapiens	Metazoa	534	28
106	Q6UW88	Homo sapiens	Metazoa	154	22
107	Q6UX27	Homo sapiens	Metazoa	236	16
108	Q6UXD5	Homo sapiens	Metazoa	910	27
109	Q6WN34	Homo sapiens	Metazoa	429	25
111	Q86WA6	Homo sapiens	Metazoa	291	37
112	Q86YD3	Homo sapiens	Metazoa	366	26
113	Q86YL7	Homo sapiens	Metazoa	162	22
115	Q8N126	Homo sapiens	Metazoa	398	24
117	Q92563	Homo sapiens	Metazoa	424	22
119	Q969N2	Homo sapiens	Metazoa	578	21
120	Q96FE7	Homo sapiens	Metazoa	263	21
123	Q9BQ51	Homo sapiens	Metazoa	273	19
126	Q9GZX6	Homo sapiens	Metazoa	179	33
128	Q9H293	Homo sapiens	Metazoa	177	32
131	Q9UBP4	Homo sapiens	Metazoa	350	21
132	Q9UK23	Homo sapiens	Metazoa	515	25
133	Q9Y2I2	Homo sapiens	Metazoa	539	28
135	Q9Y5Q6	Homo sapiens	Metazoa	135	22
137	Q9Y6C2	Homo sapiens	Metazoa	1016	21
141	O14625	Homo sapiens	Metazoa	94	21
142	O14773	Homo sapiens	Metazoa	563	19
143	O15455	Homo sapiens	Metazoa	904	23
145	O60602	Homo sapiens	Metazoa	858	20
146	O60931	Homo sapiens	Metazoa	367	22
159	P01903	Homo sapiens	Metazoa	254	25
160	P02462	Homo sapiens	Metazoa	1669	27
164	P03971	Homo sapiens	Metazoa	560	24
167	P05067	Homo sapiens	Metazoa	770	17
168	P05164	Homo sapiens	Metazoa	745	48
174	P08833	Homo sapiens	Metazoa	259	25
183	P12273	Homo sapiens	Metazoa	146	28
184	P12318	Homo sapiens	Metazoa	317	33
186	P13385	Homo sapiens	Metazoa	188	30
187	P14384	Homo sapiens	Metazoa	443	17
188	P14770	Homo sapiens	Metazoa	177	16
190	P15289	Homo sapiens	Metazoa	507	18
191	P15309	Homo sapiens	Metazoa	386	32
193	P19801	Homo sapiens	Metazoa	751	19
194	P19876	Homo sapiens	Metazoa	107	34
198	P20774	Homo sapiens	Metazoa	298	20
203	P26842	Homo sapiens	Metazoa	260	19
204	P31358	Homo sapiens	Metazoa	61	24
205	P33681	Homo sapiens	Metazoa	288	34
208	P36980	Homo sapiens	Metazoa	270	18
209	P41271	Homo sapiens	Metazoa	181	16
210	P43307	Homo sapiens	Metazoa	286	18
214	P51654	Homo sapiens	Metazoa	580	24
215	P55058	Homo sapiens	Metazoa	493	17
217	P59665	Homo sapiens	Metazoa	94	19
219	Q02809	Homo sapiens	Metazoa	727	18
221	Q13007	Homo sapiens	Metazoa	206	51
222	Q13421	Homo sapiens	Metazoa	622	36
223	Q13433	Homo sapiens	Metazoa	755	28
226	Q15399	Homo sapiens	Metazoa	786	24
228	Q6UWI2	Homo sapiens	Metazoa	310	20
230	Q6UWL6	Homo sapiens	Metazoa	708	20
231	Q6UWN5	Homo sapiens	Metazoa	251	25
232	Q6X4U4	Homo sapiens	Metazoa	206	23
233	Q6ZSA7	Homo sapiens	Metazoa	298	34
234	Q86Y34	Homo sapiens	Metazoa	549	20
235	Q8NAC3	Homo sapiens	Metazoa	791	20
236	Q8NBK3	Homo sapiens	Metazoa	374	33
237	Q8NBN3	Homo sapiens	Metazoa	555	21
239	Q8WWA0	Homo sapiens	Metazoa	313	18
240	Q969J5	Homo sapiens	Metazoa	263	21
241	Q96DR8	Homo sapiens	Metazoa	90	20
242	Q96DU3	Homo sapiens	Metazoa	332	21
245	Q99944	Homo sapiens	Metazoa	293	25
247	Q9BZW8	Homo sapiens	Metazoa	370	21
249	Q9GZZ8	Homo sapiens	Metazoa	138	19
250	Q9H1M4	Homo sapiens	Metazoa	99	20
251	Q9H7M9	Homo sapiens	Metazoa	311	32
252	Q9NR61	Homo sapiens	Metazoa	685	26
253	Q9NZV1	Homo sapiens	Metazoa	1036	34
254	Q9UBT3	Homo sapiens	Metazoa	224	18
257	Q9Y2E5	Homo sapiens	Metazoa	1009	23
258	Q9Y4X3	Homo sapiens	Metazoa	112	24
262	O43852	Homo sapiens	Metazoa	315	19
265	O95813	Homo sapiens	Metazoa	267	17
266	O95866	Homo sapiens	Metazoa	241	17
270	P00533	Homo sapiens	Metazoa	1210	24
279	P01189	Homo sapiens	Metazoa	267	26
293	P01833	Homo sapiens	Metazoa	764	18
295	P02652	Homo sapiens	Metazoa	100	18
300	P02790	Homo sapiens	Metazoa	462	23
302	P04217	Homo sapiens	Metazoa	495	21
306	P05090	Homo sapiens	Metazoa	189	20
312	P06681	Homo sapiens	Metazoa	752	20
313	P06727	Homo sapiens	Metazoa	396	20
315	P08236	Homo sapiens	Metazoa	651	22
317	P08603	Homo sapiens	Metazoa	1231	18
320	P09619	Homo sapiens	Metazoa	1106	32
327	P13598	Homo sapiens	Metazoa	275	24
328	P13612	Homo sapiens	Metazoa	1032	33
329	P13725	Homo sapiens	Metazoa	252	25
330	P13727	Homo sapiens	Metazoa	222	16
334	P15516	Homo sapiens	Metazoa	51	19
338	P17948	Homo sapiens	Metazoa	1338	26
340	P22301	Homo sapiens	Metazoa	178	18
341	P22362	Homo sapiens	Metazoa	96	23
343	P23142	Homo sapiens	Metazoa	703	29
345	P23515	Homo sapiens	Metazoa	440	24
346	P25942	Homo sapiens	Metazoa	277	20
347	P27797	Homo sapiens	Metazoa	417	17
349	P29460	Homo sapiens	Metazoa	328	22
354	P40967	Homo sapiens	Metazoa	661	24
357	P80370	Homo sapiens	Metazoa	383	23
358	P80748	Homo sapiens	Metazoa	117	17
362	Q13478	Homo sapiens	Metazoa	541	18
363	Q15465	Homo sapiens	Metazoa	462	23
364	Q15762	Homo sapiens	Metazoa	336	18
368	Q6UX39	Homo sapiens	Metazoa	209	16
369	Q6UX46	Homo sapiens	Metazoa	152	24
371	Q6UXH1	Homo sapiens	Metazoa	353	24
372	Q6UXL0	Homo sapiens	Metazoa	311	29
373	Q7Z5A7	Homo sapiens	Metazoa	132	43
374	Q86T13	Homo sapiens	Metazoa	490	21
375	Q86Y78	Homo sapiens	Metazoa	171	22
376	Q86YT9	Homo sapiens	Metazoa	394	19
377	Q8N4F0	Homo sapiens	Metazoa	458	20
378	Q8N6C8	Homo sapiens	Metazoa	439	23
379	Q8NBJ9	Homo sapiens	Metazoa	832	18
380	Q8NBL1	Homo sapiens	Metazoa	392	23
381	Q8NBM8	Homo sapiens	Metazoa	494	22
382	Q8NI17	Homo sapiens	Metazoa	732	19
385	Q96HF1	Homo sapiens	Metazoa	295	24
389	Q9BZM5	Homo sapiens	Metazoa	246	25
391	Q9H9K5	Homo sapiens	Metazoa	563	26
393	Q9NPF0	Homo sapiens	Metazoa	282	35
394	Q9NPG1	Homo sapiens	Metazoa	666	22
395	Q9NR16	Homo sapiens	Metazoa	1453	40
396	Q9NYY1	Homo sapiens	Metazoa	176	24
399	Q9UKY0	Homo sapiens	Metazoa	176	25
400	Q9Y240	Homo sapiens	Metazoa	323	21
401	Q9Y5U5	Homo sapiens	Metazoa	241	25
402	O14791	Homo sapiens	Metazoa	398	27
405	O76076	Homo sapiens	Metazoa	250	23
406	O95633	Homo sapiens	Metazoa	263	26
411	P01033	Homo sapiens	Metazoa	207	23
413	P01148	Homo sapiens	Metazoa	92	23
416	P01588	Homo sapiens	Metazoa	193	27
424	P02760	Homo sapiens	Metazoa	352	19
425	P02763	Homo sapiens	Metazoa	201	18
432	P04196	Homo sapiens	Metazoa	525	18
433	P05113	Homo sapiens	Metazoa	134	19
436	P07602	Homo sapiens	Metazoa	524	16
437	P08069	Homo sapiens	Metazoa	1367	30
439	P08514	Homo sapiens	Metazoa	1039	31
445	P10163	Homo sapiens	Metazoa	310	16
447	P11021	Homo sapiens	Metazoa	654	18
448	P11150	Homo sapiens	Metazoa	499	22
452	P14209	Homo sapiens	Metazoa	185	22
453	P15018	Homo sapiens	Metazoa	202	22
455	P16144	Homo sapiens	Metazoa	1822	27
458	P20062	Homo sapiens	Metazoa	427	18
462	P24821	Homo sapiens	Metazoa	2201	22
463	P26010	Homo sapiens	Metazoa	798	19
464	P28906	Homo sapiens	Metazoa	385	31
465	P29320	Homo sapiens	Metazoa	983	20
466	P29459	Homo sapiens	Metazoa	219	22
468	P31025	Homo sapiens	Metazoa	176	18
474	P48307	Homo sapiens	Metazoa	235	22
478	P51460	Homo sapiens	Metazoa	131	20
479	P54803	Homo sapiens	Metazoa	685	42
481	P56202	Homo sapiens	Metazoa	376	21
482	P60568	Homo sapiens	Metazoa	153	20
484	P61916	Homo sapiens	Metazoa	151	19
486	Q01638	Homo sapiens	Metazoa	556	18
487	Q07092	Homo sapiens	Metazoa	1604	21
488	Q07654	Homo sapiens	Metazoa	80	21
489	Q08334	Homo sapiens	Metazoa	325	19
492	Q14773	Homo sapiens	Metazoa	271	30
495	Q5UCC4	Homo sapiens	Metazoa	262	25
496	Q6UW56	Homo sapiens	Metazoa	229	30
500	Q8NC67	Homo sapiens	Metazoa	525	22
502	Q8TD06	Homo sapiens	Metazoa	166	21
503	Q8TDQ1	Homo sapiens	Metazoa	290	19
504	Q8WUJ3	Homo sapiens	Metazoa	1361	30
506	Q92765	Homo sapiens	Metazoa	325	32
508	Q969P0	Homo sapiens	Metazoa	613	27
509	Q969Z4	Homo sapiens	Metazoa	430	25
510	Q96AP7	Homo sapiens	Metazoa	390	29
511	Q96BF3	Homo sapiens	Metazoa	282	22
512	Q96KN2	Homo sapiens	Metazoa	507	25
513	Q96LA5	Homo sapiens	Metazoa	508	19
515	Q99935	Homo sapiens	Metazoa	248	21
516	Q99969	Homo sapiens	Metazoa	163	20
518	Q9BWV1	Homo sapiens	Metazoa	1114	30
519	Q9BX74	Homo sapiens	Metazoa	207	37
520	Q9BXJ3	Homo sapiens	Metazoa	329	16
521	Q9H5V8	Homo sapiens	Metazoa	836	29
522	Q9NPR2	Homo sapiens	Metazoa	837	43
523	Q9NQ25	Homo sapiens	Metazoa	335	22
524	Q9NRM6	Homo sapiens	Metazoa	502	17
525	Q9NS68	Homo sapiens	Metazoa	423	29
526	Q9NSA1	Homo sapiens	Metazoa	209	28
527	Q9NZ53	Homo sapiens	Metazoa	605	32
528	Q9P0V8	Homo sapiens	Metazoa	285	22
530	Q9P246	Homo sapiens	Metazoa	746	14
531	Q9P2K2	Homo sapiens	Metazoa	825	27
532	Q9UBN6	Homo sapiens	Metazoa	386	55
533	Q9UNE0	Homo sapiens	Metazoa	448	26
535	O00206	Homo sapiens	Metazoa	839	23
536	O14786	Homo sapiens	Metazoa	923	21
538	O43278	Homo sapiens	Metazoa	529	35
539	O43291	Homo sapiens	Metazoa	252	27
540	O60609	Homo sapiens	Metazoa	400	31
541	O60844	Homo sapiens	Metazoa	167	16
542	O75462	Homo sapiens	Metazoa	422	37
545	O95715	Homo sapiens	Metazoa	111	34
547	P00450	Homo sapiens	Metazoa	1065	19
551	P01137	Homo sapiens	Metazoa	390	29
554	P01350	Homo sapiens	Metazoa	101	21
555	P01591	Homo sapiens	Metazoa	159	22
569	P02810	Homo sapiens	Metazoa	166	16
570	P02814	Homo sapiens	Metazoa	79	22
576	P05160	Homo sapiens	Metazoa	661	20
581	P07204	Homo sapiens	Metazoa	575	18
585	P09486	Homo sapiens	Metazoa	303	17
589	P10124	Homo sapiens	Metazoa	158	27
591	P11215	Homo sapiens	Metazoa	1152	16
593	P11717	Homo sapiens	Metazoa	2491	40
597	P13611	Homo sapiens	Metazoa	3396	20
598	P14555	Homo sapiens	Metazoa	144	20
599	P14625	Homo sapiens	Metazoa	803	21
602	P17301	Homo sapiens	Metazoa	1181	29
603	P17813	Homo sapiens	Metazoa	658	25
604	P18428	Homo sapiens	Metazoa	481	25
605	P19320	Homo sapiens	Metazoa	739	24
608	P20333	Homo sapiens	Metazoa	461	22
612	P22894	Homo sapiens	Metazoa	467	20
614	P25116	Homo sapiens	Metazoa	425	21
615	P25311	Homo sapiens	Metazoa	298	20
617	P32004	Homo sapiens	Metazoa	1257	19
619	P35613	Homo sapiens	Metazoa	385	21
623	P51688	Homo sapiens	Metazoa	502	20
624	P52823	Homo sapiens	Metazoa	247	17
626	P55083	Homo sapiens	Metazoa	255	21
628	P55899	Homo sapiens	Metazoa	365	23
631	P81605	Homo sapiens	Metazoa	110	19
634	Q08380	Homo sapiens	Metazoa	585	18
637	Q13145	Homo sapiens	Metazoa	260	20
638	Q13231	Homo sapiens	Metazoa	466	21
640	Q13445	Homo sapiens	Metazoa	227	23
641	Q13651	Homo sapiens	Metazoa	578	21
642	Q14210	Homo sapiens	Metazoa	128	20
643	Q15768	Homo sapiens	Metazoa	340	27
644	Q16552	Homo sapiens	Metazoa	155	23
646	Q6E0U4	Homo sapiens	Metazoa	476	21
649	Q6UXB2	Homo sapiens	Metazoa	119	21
651	Q8N441	Homo sapiens	Metazoa	504	24
653	Q8N766	Homo sapiens	Metazoa	993	22
654	Q8TC27	Homo sapiens	Metazoa	787	16
655	Q8TCT8	Homo sapiens	Metazoa	520	25
656	Q92643	Homo sapiens	Metazoa	395	27
657	Q969H8	Homo sapiens	Metazoa	173	31
658	Q96BY9	Homo sapiens	Metazoa	339	30
659	Q96F46	Homo sapiens	Metazoa	866	32
660	Q96HE7	Homo sapiens	Metazoa	468	23
661	Q99519	Homo sapiens	Metazoa	415	47
663	Q9BX59	Homo sapiens	Metazoa	468	18
666	Q9BXJ7	Homo sapiens	Metazoa	453	19
667	Q9BZR6	Homo sapiens	Metazoa	473	26
668	Q9H6E4	Homo sapiens	Metazoa	229	22
669	Q9HBE5	Homo sapiens	Metazoa	538	19
670	Q9NPA0	Homo sapiens	Metazoa	242	23
671	Q9NQ34	Homo sapiens	Metazoa	198	33
673	Q9UHF4	Homo sapiens	Metazoa	553	29
674	Q9UIK5	Homo sapiens	Metazoa	374	40
675	Q9UKZ9	Homo sapiens	Metazoa	415	23
676	Q9Y251	Homo sapiens	Metazoa	543	35
678	Q9Y279	Homo sapiens	Metazoa	399	19
680	D4A540	Rattus norvegicus	Metazoa	148	31
681	F1N5C8	Bos taurus	Metazoa	445	22
685	P00760	Bos taurus	Metazoa	246	17
688	P01131	Bos taurus	Metazoa	845	21
693	P02702	Bos taurus	Metazoa	241	19
699	P0CX77	Saccharomyces cerevisiae (strain ATCC 204508 / S288c)	Fungi	362	25
702	P10493	Mus musculus	Metazoa	1245	28
703	P10820	Mus musculus	Metazoa	554	20
705	P12024	Drosophila melanogaster	Metazoa	1315	29
708	P14630	Rattus norvegicus	Metazoa	190	17
715	P16636	Rattus norvegicus	Metazoa	411	21
719	P21956	Mus musculus	Metazoa	463	22
723	P30919	Rattus norvegicus	Metazoa	345	23
725	P31096	Bos taurus	Metazoa	278	16
726	P32478	Saccharomyces cerevisiae (strain ATCC 204508 / S288c)	Fungi	413	18
728	P41543	Saccharomyces cerevisiae (strain ATCC 204508 / S288c)	Fungi	476	22
729	P42264	Rattus norvegicus	Metazoa	919	31
731	P43497	Saccharomyces cerevisiae (strain ATCC 204508 / S288c)	Fungi	92	20
732	P47866	Rattus norvegicus	Metazoa	411	19
733	P48439	Saccharomyces cerevisiae (strain ATCC 204508 / S288c)	Fungi	350	22
736	P53616	Saccharomyces cerevisiae (strain ATCC 204508 / S288c)	Fungi	420	24
744	Q00954	Rattus norvegicus	Metazoa	218	18
745	Q01965	Mus musculus	Metazoa	654	47
748	Q08481	Mus musculus	Metazoa	727	17
750	Q28173	Bos taurus	Metazoa	416	22
753	Q61885	Mus musculus	Metazoa	246	28
755	Q62192	Mus musculus	Metazoa	661	20
757	Q64385	Mus musculus	Metazoa	432	23
758	Q7KRU8	Drosophila melanogaster	Metazoa	205	19
759	Q7TQN3	Mus musculus	Metazoa	571	29
760	Q8BHP7	Mus musculus	Metazoa	681	32
762	Q8BPM6	Mus musculus	Metazoa	367	31
763	Q8BSU2	Mus musculus	Metazoa	246	26
764	Q8RUW5	Arabidopsis thaliana	Viridiplantae	433	19
765	Q8S2W4	Arabidopsis thaliana	Viridiplantae	61	22
766	Q8SXL2	Drosophila melanogaster	Metazoa	136	24
767	Q8T1G4	Dictyostelium discoideum	other	181	19
768	Q91XZ4	Mus musculus	Metazoa	772	28
769	Q94K85	Arabidopsis thaliana	Viridiplantae	359	26
771	Q99372	Rattus norvegicus	Metazoa	870	27
773	Q9D6Y1	Mus musculus	Metazoa	273	21
775	Q9ES58	Rattus norvegicus	Metazoa	327	23
776	Q9GL30	Bos taurus	Metazoa	545	35
783	O55038	Mus musculus	Metazoa	109	21
787	P00635	Saccharomyces cerevisiae (strain ATCC 204508 / S288c)	Fungi	467	17
791	P01027	Mus musculus	Metazoa	1663	24
803	P04925	Mus musculus	Metazoa	254	22
804	P04937	Rattus norvegicus	Metazoa	2477	24
809	P07507	Bos taurus	Metazoa	103	19
811	P07994	Bos taurus	Metazoa	360	17
813	P08505	Mus musculus	Metazoa	211	24
817	P12729	Dictyostelium discoideum	other	168	19
825	P16382	Mus musculus	Metazoa	810	25
826	P16882	Mus musculus	Metazoa	650	24
827	P17164	Rattus norvegicus	Metazoa	462	28
829	P17697	Bos taurus	Metazoa	439	19
830	P18181	Mus musculus	Metazoa	240	22
834	P20826	Mus musculus	Metazoa	273	25
842	P32803	Saccharomyces cerevisiae (strain ATCC 204508 / S288c)	Fungi	203	20
847	P45478	Bos taurus	Metazoa	306	27
848	P54837	Saccharomyces cerevisiae (strain ATCC 204508 / S288c)	Fungi	211	20
850	P80109	Bos taurus	Metazoa	839	23
852	Q01460	Rattus norvegicus	Metazoa	367	23
853	Q05359	Saccharomyces cerevisiae (strain ATCC 204508 / S288c)	Fungi	219	22
856	Q12127	Saccharomyces cerevisiae (strain ATCC 204508 / S288c)	Fungi	133	18
857	Q28143	Bos taurus	Metazoa	456	35
861	Q61400	Mus musculus	Metazoa	265	33
862	Q61508	Mus musculus	Metazoa	559	19
864	Q63617	Rattus norvegicus	Metazoa	999	32
867	Q8C1Q4	Mus musculus	Metazoa	291	21
869	Q968Z6	Dictyostelium discoideum	other	557	19
871	Q9LXD6	Arabidopsis thaliana	Viridiplantae	773	23
873	Q9SU40	Arabidopsis thaliana	Viridiplantae	587	20
876	O08795	Mus musculus	Metazoa	521	14
877	O35310	Mus musculus	Metazoa	311	20
879	O88917	Rattus norvegicus	Metazoa	1515	24
880	P00724	Saccharomyces cerevisiae (strain ATCC 204508 / S288c)	Fungi	532	19
881	P01139	Mus musculus	Metazoa	241	18
886	P02466	Rattus norvegicus	Metazoa	1372	22
892	P05059	Bos taurus	Metazoa	449	18
895	P06332	Mus musculus	Metazoa	457	26
897	P07727	Rattus norvegicus	Metazoa	457	28
903	P11590	Mus musculus	Metazoa	178	16
908	P19137	Mus musculus	Metazoa	3083	24
909	P19427	Bos taurus	Metazoa	201	18
911	P23389	Bos taurus	Metazoa	646	20
913	P25236	Rattus norvegicus	Metazoa	385	19
914	P27654	Saccharomyces cerevisiae (strain ATCC 204508 / S288c)	Fungi	210	19
916	P28798	Mus musculus	Metazoa	589	17
921	P32472	Saccharomyces cerevisiae (strain ATCC 204508 / S288c)	Fungi	135	17
924	P38574	Bos taurus	Metazoa	287	18
926	P47178	Saccharomyces cerevisiae (strain ATCC 204508 / S288c)	Fungi	298	19
927	P48765	Bos taurus	Metazoa	970	32
929	P51868	Rattus norvegicus	Metazoa	413	19
931	P54660	Dictyostelium discoideum	other	143	22
932	P54900	Rattus norvegicus	Metazoa	215	29
934	Q01129	Rattus norvegicus	Metazoa	354	16
936	Q05928	Mus musculus	Metazoa	177	31
938	Q12396	Saccharomyces cerevisiae (strain ATCC 204508 / S288c)	Fungi	444	46
939	Q556R7	Dictyostelium discoideum	other	303	24
941	Q61789	Mus musculus	Metazoa	3330	31
945	Q6IUU3	Rattus norvegicus	Metazoa	750	32
946	Q6QD51	Rattus norvegicus	Metazoa	949	27
947	Q71DJ5	Arabidopsis thaliana	Viridiplantae	393	20
949	Q8H8C7	Oryza sativa subsp. japonica	Viridiplantae	356	28
952	Q8VCS0	Mus musculus	Metazoa	530	22
954	Q9ERQ6	Rattus norvegicus	Metazoa	571	30
957	Q9N4D8	Caenorhabditis elegans	Metazoa	123	17
958	Q9NAX4	Dictyostelium discoideum	other	464	17
959	Q9R1T7	Rattus norvegicus	Metazoa	200	20
964	Q9Z0K8	Mus musculus	Metazoa	512	23
965	B8JLQ9	Danio rerio	Metazoa	363	24
966	G5ED35	Caenorhabditis elegans	Metazoa	135	20
968	O13547	Saccharomyces cerevisiae (strain ATCC 204508 / S288c)	Fungi	238	22
969	O35701	Mus musculus	Metazoa	481	27
970	O54861	Rattus norvegicus	Metazoa	825	31
971	O88188	Mus musculus	Metazoa	162	19
974	P00687	Mus musculus	Metazoa	511	15
990	P07141	Mus musculus	Metazoa	552	32
991	P08796	Dictyostelium discoideum	other	514	19
992	P09470	Mus musculus	Metazoa	1312	34
994	P10040	Drosophila melanogaster	Metazoa	2146	83
1001	P14925	Rattus norvegicus	Metazoa	976	25
1003	P16235	Rattus norvegicus	Metazoa	700	26
1005	P18761	Mus musculus	Metazoa	317	17
1007	P19324	Mus musculus	Metazoa	417	17
1010	P20068	Rattus norvegicus	Metazoa	169	22
1012	P21570	Mus musculus	Metazoa	145	24
1016	P28319	Saccharomyces cerevisiae (strain ATCC 204508 / S288c)	Fungi	239	20
1019	P28825	Mus musculus	Metazoa	747	20
1024	P32802	Saccharomyces cerevisiae (strain ATCC 204508 / S288c)	Fungi	667	22
1025	P33767	Saccharomyces cerevisiae (strain ATCC 204508 / S288c)	Fungi	430	20
1026	P34115	Dictyostelium discoideum	other	730	20
1028	P35053	Rattus norvegicus	Metazoa	558	23
1034	P56722	Bos taurus	Metazoa	979	34
1035	Q02596	Mus musculus	Metazoa	151	19
1036	Q05895	Mus musculus	Metazoa	956	21
1039	Q5XM24	Dictyostelium discoideum	other	494	18
1041	Q62813	Rattus norvegicus	Metazoa	338	28
1042	Q62867	Rattus norvegicus	Metazoa	317	24
1047	Q868Z9	Drosophila melanogaster	Metazoa	2898	26
1048	Q8WMP9	Bos taurus	Metazoa	407	29
1051	Q924B5	Rattus norvegicus	Metazoa	250	25
1052	Q99ML8	Mus musculus	Metazoa	113	23
1054	Q9QYH7	Rattus norvegicus	Metazoa	117	23
1055	Q9Z1K9	Rattus norvegicus	Metazoa	827	17
1056	A5HAK0	Danio rerio	Metazoa	149	22
1058	O55232	Rattus norvegicus	Metazoa	130	32
1064	P01830	Rattus norvegicus	Metazoa	161	19
1066	P01888	Bos taurus	Metazoa	118	20
1068	P04639	Rattus norvegicus	Metazoa	259	18
1080	P11438	Mus musculus	Metazoa	406	24
1081	P11654	Rattus norvegicus	Metazoa	1886	25
1082	P11911	Mus musculus	Metazoa	220	28
1083	P15247	Mus musculus	Metazoa	144	18
1084	P15261	Mus musculus	Metazoa	477	25
1087	P22388	Rattus norvegicus	Metazoa	202	25
1089	P24807	Mus musculus	Metazoa	76	26
1090	P27773	Mus musculus	Metazoa	505	24
1091	P28088	Bos taurus	Metazoa	441	26
1095	P31836	Bos taurus	Metazoa	853	19
1096	P33487	Arabidopsis thaliana	Viridiplantae	198	33
1098	P49259	Bos taurus	Metazoa	1463	20
1100	P55203	Bos taurus	Metazoa	1110	56
1102	P61312	Rattus norvegicus	Metazoa	146	25
1104	P81160	Drosophila melanogaster	Metazoa	54	21
1105	P83869	Drosophila melanogaster	Metazoa	46	22
1106	P97710	Rattus norvegicus	Metazoa	509	31
1107	Q00657	Rattus norvegicus	Metazoa	2326	29
1108	Q02795	Saccharomyces cerevisiae (strain ATCC 204508 / S288c)	Fungi	286	19
1110	Q09098	Mus musculus	Metazoa	99	23
1111	Q23997	Drosophila melanogaster	Metazoa	452	18
1113	Q4V4I9	Drosophila melanogaster	Metazoa	182	22
1115	Q62598	Rattus norvegicus	Metazoa	687	17
1117	Q63372	Rattus norvegicus	Metazoa	1530	30
1118	Q63415	Rattus norvegicus	Metazoa	937	45
1120	Q76BW5	Oryza sativa subsp. japonica	Viridiplantae	290	25
1122	Q86IV5	Dictyostelium discoideum	other	258	21
1123	Q8WML4	Bos taurus	Metazoa	580	22
1127	Q99MA2	Rattus norvegicus	Metazoa	674	22
1128	Q9JI59	Mus musculus	Metazoa	298	28
1130	Q9R100	Mus musculus	Metazoa	827	25
1131	Q9SUQ8	Arabidopsis thaliana	Viridiplantae	187	29
1132	Q9V496	Drosophila melanogaster	Metazoa	3351	25
1133	Q9VA83	Drosophila melanogaster	Metazoa	227	19
1134	Q9VG55	Drosophila melanogaster	Metazoa	191	24
1135	Q9VH14	Drosophila melanogaster	Metazoa	210	27
1136	Q9VMD9	Drosophila melanogaster	Metazoa	2188	18
1138	Q9Z0L3	Mus musculus	Metazoa	485	17
1140	A0A7J6K7I9	Toxoplasma gondii	other	553	64
1144	C7G3K3	Liocheles australasiae	Metazoa	80	21
1145	D3GDK4	Cryptopygus antarcticus	Metazoa	225	15
1146	O00092	Aspergillus fumigatus (strain ATCC MYA-4609 / CBS 101355 / FGSC A1100 / Af293)	Fungi	465	26
1148	O46432	Felis catus	Metazoa	1007	50
1150	O64411	Zea mays	Viridiplantae	500	28
1152	O97939	Sus scrofa	Metazoa	1142	38
1167	P07981	Trichoderma reesei	Fungi	459	22
1170	P09479	Gallus gallus	Metazoa	456	20
1171	P0C1B3	Aspergillus oryzae (strain ATCC 42149 / RIB 40)	Fungi	499	21
1172	P0C8G7	Pomacea canaliculata	Metazoa	286	30
1176	P0CS93	Gibberella zeae	Fungi	680	24
1185	P22412	Sus scrofa	Metazoa	409	16
1188	P24021	Aspergillus oryzae (strain ATCC 42149 / RIB 40)	Fungi	287	20
1198	P35495	Sus scrofa	Metazoa	133	24
1200	P42292	Gallus gallus	Metazoa	588	33
1202	P48819	Sus scrofa	Metazoa	459	19
1207	P81702	Ceratocystis fimbriata f. sp. platani	Fungi	134	14
1213	Q09131	Glycine max	Viridiplantae	464	30
1214	Q09140	Schizosaccharomyces pombe (strain 972 / ATCC 24843)	Fungi	1448	18
1224	Q59Y31	Candida albicans (strain SC5314 / ATCC MYA-2876)	Fungi	533	21
1231	Q84UV8	Nicotiana langsdorffii x Nicotiana sanderae	Viridiplantae	274	25
1232	Q86LE5	Rhipicephalus microplus	Metazoa	110	20
1234	Q8X150	Gaeumannomyces tritici	Fungi	618	16
1237	Q9LRC8	Scutellaria baicalensis	Viridiplantae	527	25
1240	Q9TVX3	Olivierus martensii	Metazoa	61	28
1243	U6BLZ9	Penicillium canescens	Fungi	463	26
1244	A0A0D1DWQ2	Mycosarcoma maydis	Fungi	290	21
1247	A0A7M6UMR7	Apis mellifera	Metazoa	1010	16
1249	A6XMY0	Hyas araneus	Metazoa	64	25
1252	C0H9B6	Salmo salar	Metazoa	413	19
1254	F1NSM7	Gallus gallus	Metazoa	743	18
1256	G4ZHR2	Phytophthora sojae (strain P6497)	other	241	19
1257	K9L4P7	Penicillium chrysogenum	Fungi	604	18
1258	M1MR49	Rhipicephalus appendiculatus	Metazoa	176	24
1259	O18998	Oryctolagus cuniculus	Metazoa	281	21
1261	O42807	Aspergillus niger	Fungi	281	21
1263	O64392	Triticum aestivum	Viridiplantae	146	21
1264	O76818	Agrotis ipsilon	Metazoa	193	19
1275	P0C8E7	Rhipicephalus sanguineus	Metazoa	114	20
1276	P0C8G6	Pomacea canaliculata	Metazoa	565	26
1280	P10764	Ovis aries	Metazoa	179	24
1291	P30440	Felis catus	Metazoa	109	17
1292	P30659	Lutzomyia longipalpis	Metazoa	86	23
1294	P45561	Sus scrofa	Metazoa	189	16
1297	P53366	Sus scrofa	Metazoa	188	21
1300	P79208	Ovis aries	Metazoa	603	16
1309	P93484	Pisum sativum	Viridiplantae	623	22
1310	Q00193	Oryctolagus cuniculus	Metazoa	540	24
1322	Q52085	Heterostelium pallidum	other	320	19
1324	Q5AMT2	Candida albicans (strain SC5314 / ATCC MYA-2876)	Fungi	308	18
1326	Q6IWZ0	Aplysia californica	Metazoa	535	18
1328	Q84ZX5	Artemisia vulgaris	Viridiplantae	132	24
1329	Q8GT41	Platanus acerifolia	Viridiplantae	179	23
1331	Q8MMJ7	Opisthacanthus madagascariensis	Metazoa	68	23
1338	Q9NJ98	Manduca sexta	Metazoa	487	19
1339	Q9TY95	Plasmodium falciparum (isolate 3D7)	other	997	22
1341	A0A1S3PBB7	Salmo salar	Metazoa	375	23
1347	C0HKM3	Conus purpurascens	Metazoa	458	18
1352	H6U1I8	Tanacetum cinerariifolium	Viridiplantae	365	27
1355	O01949	Aedes aegypti	Metazoa	273	19
1356	O62680	Sus scrofa	Metazoa	123	25
1359	P01165	Sus scrofa	Metazoa	207	22
1360	P01168	Sus scrofa	Metazoa	116	24
1363	P01297	Sus scrofa	Metazoa	121	24
1369	P05117	Solanum lycopersicum	Viridiplantae	457	24
1375	P0DL37	Urodacus yaschenkoi	Metazoa	62	24
1379	P13806	Oryctolagus cuniculus	Metazoa	1106	26
1380	P14448	Gallus gallus	Metazoa	741	18
1387	P19425	Aedes aegypti	Metazoa	97	19
1388	P20507	Chlamydomonas reinhardtii	Viridiplantae	377	20
1389	P23631	Latrodectus tredecimguttatus	Metazoa	1401	20
1391	P27731	Gallus gallus	Metazoa	150	20
1392	P29026	Rhizopus oligosporus	Fungi	540	22
1394	P29241	Aplysia californica	Metazoa	282	24
1396	P30986	Eschscholzia californica	Viridiplantae	538	23
1398	P42098	Sus scrofa	Metazoa	421	22
1402	P49256	Canis lupus familiaris	Metazoa	356	44
1404	P52706	Prunus serotina	Viridiplantae	563	27
1413	P81058	Penaeus vannamei	Metazoa	82	19
1418	Q27309	Bombyx mori	Metazoa	1782	15
1420	Q3L1D1	Agaricus bisporus	Fungi	594	25
1424	Q4WL81	Aspergillus fumigatus (strain ATCC MYA-4609 / CBS 101355 / FGSC A1100 / Af293)	Fungi	234	20
1425	Q59XX2	Candida albicans (strain SC5314 / ATCC MYA-2876)	Fungi	378	32
1431	Q76IQ4	Oncorhynchus mykiss	Metazoa	111	26
1436	Q8ISL8	Apis mellifera	Metazoa	78	24
1437	Q8J0K5	Talaromyces funiculosus	Fungi	282	39
1438	Q8MMH3	Pimpla hypochondriaca	Metazoa	488	19
1439	Q8MP06	Tyria jacobaeae	Metazoa	456	22
1441	Q8WP90	Solenopsis invicta	Metazoa	153	19
1442	Q8WPJ2	Mytilus edulis	Metazoa	367	17
1443	Q95P90	Olivierus martensii	Metazoa	94	22
1451	Q9XSW3	Sus scrofa	Metazoa	240	18
1452	Q9XYT4	Cryptorchestia cavimana	Metazoa	128	20
1454	A0A5C2A2T2	Conus purpurascens	Metazoa	178	24
1462	C9K4X8	Patiria pectinifera	Metazoa	116	29
1464	F1RRV3	Sus scrofa	Metazoa	2692	19
1466	I3LGZ3	Sus scrofa	Metazoa	81	24
1468	O18330	Apis mellifera	Metazoa	432	19
1470	O80323	Pyrus pyrifolia	Viridiplantae	222	22
1471	O96935	Plasmodium falciparum (isolate 3D7)	other	1085	30
1481	P02701	Gallus gallus	Metazoa	152	24
1490	P09230	Yarrowia lipolytica (strain CLIB 122 / E 150)	Fungi	454	15
1497	P15226	Tityus serrulatus	Metazoa	84	20
1499	P19069	Cavia porcellus	Metazoa	1742	19
1507	P30438	Felis catus	Metazoa	92	22
1511	P56201	Oryctolagus cuniculus	Metazoa	797	24
1515	P81054	Grifola frondosa	Fungi	348	18
1516	P81383	Ophiophagus hannah	Metazoa	491	20
1521	Q1XG90	Crassostrea virginica	Metazoa	135	18
1522	Q26994	Toxoplasma gondii	other	179	17
1523	Q27082	Tachypleus tridentatus	Metazoa	673	19
1525	Q2ULM2	Aspergillus oryzae (strain ATCC 42149 / RIB 40)	Fungi	496	16
1527	Q4W1I9	Zinnia elegans	Viridiplantae	321	30
1529	Q6DWK3	Colletotrichum lindemuthianum	Fungi	248	26
1536	Q86QT3	Centruroides noxius	Metazoa	62	20
1547	Q9YH85	Gallus gallus	Metazoa	2120	24
1548	Q9ZT64	Pinus contorta	Viridiplantae	513	23
1552	A0A1L6K371	Juglans nigra	Viridiplantae	510	23
1554	A0A482A9N4	Talaromyces verruculosus	Fungi	328	21
1557	B0XT72	Aspergillus fumigatus (strain CBS 144.89 / FGSC A1163 / CEA10)	Fungi	452	19
1560	E0D877	Aedes albopictus	Metazoa	564	25
1561	I1SB12	Microdochium nivale	Fungi	495	22
1566	O61668	Olivierus martensii	Metazoa	88	18
1574	P01500	Apis mellifera	Metazoa	46	27
1578	P08091	Schizosaccharomyces pombe (strain 972 / ATCC 24843)	Fungi	453	18
1580	P0DKU2	Pandinus imperator	Metazoa	145	15
1585	P17715	Octodon degus	Metazoa	109	24
1589	P25291	Canis lupus familiaris	Metazoa	509	21
1590	P29022	Zea mays	Viridiplantae	280	25
1591	P29794	Canis lupus familiaris	Metazoa	180	20
1592	P31723	Penicillium citrinum	Fungi	511	35
1600	P67861	Daboia russelii	Metazoa	144	24
1601	P78581	Aspergillus oryzae (strain ATCC 42149 / RIB 40)	Fungi	588	18
1602	P79073	Trichoderma reesei	Fungi	86	15
1603	P79263	Sus scrofa	Metazoa	921	27
1612	Q27908	Pinctada fucata	Metazoa	447	17
1613	Q28989	Sus scrofa	Metazoa	421	26
1614	Q29486	Felis catus	Metazoa	524	17
1618	Q55U20	Cryptococcus deneoformans (strain B-3501A)	Fungi	458	51
1622	Q7SZI7	Xenopus laevis	Metazoa	1219	22
1627	Q805F3	Xenopus laevis	Metazoa	397	16
1629	Q8L5J1	Solanum lycopersicum	Viridiplantae	399	26
1630	Q8WZI8	Aspergillus niger	Fungi	521	17
1634	Q95JC9	Sus scrofa	Metazoa	676	16
1637	Q9GQV7	Aedes aegypti	Metazoa	128	22
1641	Q9U572	Penaeus monodon	Metazoa	1670	14
1642	Q9UAD0	Olivierus martensii	Metazoa	59	24
1643	Q9UVI4	Claviceps fusiformis	Fungi	394	16
1647	Q8NBI3	Homo sapiens	Metazoa	349	25
1656	P60153	Homo sapiens	Metazoa	205	26
1657	Q5FWE3	Homo sapiens	Metazoa	981	27
1661	O75711	Homo sapiens	Metazoa	98	20
1665	P12872	Homo sapiens	Metazoa	115	25
1668	Q6UWV2	Homo sapiens	Metazoa	235	31
1669	Q8TAL6	Homo sapiens	Metazoa	211	18
1670	Q96S96	Homo sapiens	Metazoa	227	22
1671	Q9BX93	Homo sapiens	Metazoa	195	19
1673	Q9HB40	Homo sapiens	Metazoa	452	26
1685	Q6UXK5	Homo sapiens	Metazoa	716	25
1690	Q6UW32	Homo sapiens	Metazoa	110	24
1691	Q6UX52	Homo sapiens	Metazoa	265	20
1692	Q96PL1	Homo sapiens	Metazoa	93	21
1693	Q9NTU7	Homo sapiens	Metazoa	201	27
1700	P80513	Bos taurus	Metazoa	179	21
1704	Q3UN54	Mus musculus	Metazoa	99	21
1705	Q55GS3	Dictyostelium discoideum	other	607	19
1707	Q8LG54	Arabidopsis thaliana	Viridiplantae	130	21
1709	O48818	Arabidopsis thaliana	Viridiplantae	257	20
1710	O70280	Rattus norvegicus	Metazoa	212	26
1721	P21837	Dictyostelium discoideum	other	550	19
1727	Q02862	Mus musculus	Metazoa	184	15
1728	Q0P569	Bos taurus	Metazoa	474	24
1729	Q4V645	Drosophila melanogaster	Metazoa	108	29
1733	Q8LD43	Arabidopsis thaliana	Viridiplantae	62	22
1734	Q8MI01	Bos taurus	Metazoa	330	23
1736	Q9LJD9	Arabidopsis thaliana	Viridiplantae	60	27
1737	Q9M373	Arabidopsis thaliana	Viridiplantae	74	26
1738	G3MYZ3	Bos taurus	Metazoa	604	21
1739	G5EC68	Caenorhabditis elegans	Metazoa	85	17
1741	P02780	Rattus norvegicus	Metazoa	95	18
1742	P04557	Bos taurus	Metazoa	140	25
1743	P06911	Rattus norvegicus	Metazoa	188	19
1746	P19035	Bos taurus	Metazoa	96	23
1749	P81264	Bos taurus	Metazoa	98	22
1750	Q27972	Bos taurus	Metazoa	361	24
1751	Q53NL5	Oryza sativa subsp. japonica	Viridiplantae	290	27
1753	Q5PP12	Arabidopsis thaliana	Viridiplantae	69	25
1754	Q62632	Rattus norvegicus	Metazoa	306	18
1755	Q95121	Bos taurus	Metazoa	416	20
1756	Q9C9H5	Arabidopsis thaliana	Viridiplantae	484	21
1762	P02783	Rattus norvegicus	Metazoa	112	21
1763	P08541	Rattus norvegicus	Metazoa	530	23
1764	P09586	Mus musculus	Metazoa	222	31
1767	P19034	Bos taurus	Metazoa	101	22
1768	Q05443	Bos taurus	Metazoa	342	18
1769	Q10E50	Oryza sativa subsp. japonica	Viridiplantae	163	43
1770	Q10NX8	Oryza sativa subsp. japonica	Viridiplantae	858	30
1771	Q28862	Bos taurus	Metazoa	310	16
1772	Q5JNJ5	Oryza sativa subsp. japonica	Viridiplantae	237	28
1780	O35806	Rattus norvegicus	Metazoa	1764	35
1783	P13204	Bos taurus	Metazoa	129	26
1785	P17690	Bos taurus	Metazoa	345	19
1786	P18892	Bos taurus	Metazoa	526	26
1794	Q18184	Caenorhabditis elegans	Metazoa	89	23
1795	Q60GF7	Rattus norvegicus	Metazoa	252	22
1796	Q63191	Rattus norvegicus	Metazoa	1216	21
1798	A0A2I6QB00	Trametes coccinea (strain BRFM310)	Fungi	418	18
1800	A1IKL2	Anisakis simplex	Metazoa	152	18
1801	B0CPC6	Laccaria bicolor (strain S238N-H82 / ATCC MYA-4686)	Fungi	206	21
1803	B4FZ87	Zea mays	Viridiplantae	396	31
1808	C0HL38	Trichonephila clavata	Metazoa	60	19
1810	C4NZN9	Hyas araneus	Metazoa	131	16
1813	G1CWH6	Clitoria ternatea	Viridiplantae	122	25
1814	O42720	Ajellomyces capsulatus (strain G186AR / H82 / ATCC MYA-2454 / RMSCC 2432)	Fungi	110	32
1815	O59896	Pycnoporus cinnabarinus	Fungi	518	21
1816	O76942	Encephalitozoon cuniculi (strain GB-M1)	Fungi	395	22
1817	O93233	Gloydius brevicaudus siniticus	Metazoa	331	23
1821	P01269	Sus scrofa	Metazoa	115	25
1825	P02779	Oryctolagus cuniculus	Metazoa	91	21
1837	P13917	Glycine max	Viridiplantae	427	24
1843	P18657	Macaca fascicularis	Metazoa	83	26
1848	P23577	Chlamydomonas reinhardtii	Viridiplantae	317	31
1849	P24052	Gallus gallus	Metazoa	142	21
1850	P24817	Momordica charantia	Viridiplantae	286	23
1856	P42705	Canis lupus familiaris	Metazoa	352	23
1862	P80022	Solanum lycopersicum	Viridiplantae	230	25
1864	P82358	Acanthoscurria gomesiana	Metazoa	84	23
1865	P83313	Opistophthalmus carinatus	Metazoa	82	22
1867	P86407	Mesobuthus eupeus	Metazoa	75	22
1868	P86798	Cupiennius salei	Metazoa	140	19
1869	Q00017	Aspergillus aculeatus	Fungi	250	17
1871	Q12546	Aspergillus ficuum	Fungi	614	22
1877	Q5MJP5	Anuroctonus phaiodactylus	Metazoa	90	18
1879	Q6TPK4	Actinidia deliciosa	Viridiplantae	116	26
1881	Q76FB0	Cyanidium caldarium	other	155	20
1883	Q7ZZN8	Naja atra	Metazoa	238	19
1887	Q8NK90	Aspergillus kawachii (strain NBRC 4308)	Fungi	628	25
1889	Q92154	Coturnix japonica	Metazoa	620	17
1890	Q95NY5	Anopheles stephensi	Metazoa	315	18
1894	Q9U943	Locusta migratoria	Metazoa	3380	21
1905	C5P3X6	Coccidioides posadasii (strain C735)	Fungi	276	18
1911	G4V4F9	Cupiennius salei	Metazoa	97	19
1916	O96910	Aplysia californica	Metazoa	76	18
1926	P04119	Sus scrofa	Metazoa	178	18
1935	P0C8E8	Rhipicephalus sanguineus	Metazoa	86	20
1938	P0DUT6	Doratifera vulnerans	Metazoa	66	20
1939	P10257	Oncorhynchus keta	Metazoa	137	24
1945	P20013	Trametes versicolor	Fungi	372	26
1953	P33559	Aspergillus kawachii (strain NBRC 4308)	Fungi	327	25
1955	P48747	Oryctolagus cuniculus	Metazoa	557	21
1956	P48816	Bombyx mori	Metazoa	137	18
1960	P56829	Ovis aries	Metazoa	195	23
1961	P58154	Lymnaea stagnalis	Metazoa	229	19
1962	P59938	Olivierus martensii	Metazoa	57	21
1963	P67876	Aspergillus restrictus	Fungi	176	27
1966	P80060	Locusta migratoria	Metazoa	92	19
1974	P85213	Galleria mellonella	Metazoa	72	29
1975	P85261	Actinidia chinensis var. chinensis	Viridiplantae	213	24
1976	P85841	Tityus serrulatus	Metazoa	403	19
1980	Q07081	Aquarana catesbeiana	Metazoa	464	16
1981	Q17058	Apis mellifera	Metazoa	567	17
1986	Q39649	Cucurbita maxima	Viridiplantae	141	22
1988	Q41161	Robinia pseudoacacia	Viridiplantae	285	31
1991	Q6GU94	Centruroides limpidus	Metazoa	56	24
1994	Q7M4T0	Neurospora crassa (strain ATCC 24698 / 74-OR23-1A / CBS 708.71 / DSM 1257 / FGSC 987)	Fungi	480	17
1996	Q84V39	Olea europaea	Viridiplantae	123	21
1997	Q875I9	Aspergillus fumigatus	Fungi	238	17
2000	Q8I817	Aplysia californica	Metazoa	88	19
2010	A0A0F7YZQ7	Conus victoriae	Metazoa	100	24
2012	A0A2I8B346	Paralithodes camtschaticus	Metazoa	62	23
2017	B0XRV0	Aspergillus fumigatus (strain CBS 144.89 / FGSC A1163 / CEA10)	Fungi	721	18
2024	D7UQ40	Alternaria solani	Fungi	515	25
2025	F1AWB0	Vaejovis mexicanus	Metazoa	82	22
2027	F7J1C8	Flammulina velutipes	Fungi	249	21
2029	G8YYA5	Androctonus amoreuxi	Metazoa	74	22
2032	I6S7G5	Scolopendra mutilans	Metazoa	84	16
2035	O02826	Sus scrofa	Metazoa	111	20
2036	O11780	Sus scrofa	Metazoa	683	23
2038	P01070	Glycine max	Viridiplantae	216	24
2040	P02659	Gallus gallus	Metazoa	106	24
2043	P05790	Bombyx mori	Metazoa	5263	21
2044	P06205	Limulus polyphemus	Metazoa	242	24
2047	P09791	Trypanosoma brucei brucei	other	129	27
2049	P10762	Locusta migratoria	Metazoa	179	16
2051	P10968	Triticum aestivum	Viridiplantae	212	26
2058	P18709	Xenopus laevis	Metazoa	1807	15
2060	P19400	Ascaris suum	Metazoa	169	20
2062	P20740	Gallus gallus	Metazoa	1473	36
2063	P22864	Aspergillus niger	Fungi	373	19
2064	P23502	Entamoeba histolytica (strain ATCC 30459 / HM-1:IMSS / ABRM)	other	1286	15
2073	P38660	Mesocricetus auratus	Metazoa	439	19
2075	P42660	Aedes aegypti	Metazoa	471	19
2083	P80356	Avena sativa	Viridiplantae	220	19
2088	Q00870	Fusarium solani subsp. phaseoli	Fungi	350	19
2091	Q06K77	Phlebotomus duboscqi	Metazoa	336	21
2092	Q27085	Tachypleus tridentatus	Metazoa	418	24
2098	Q5B833	Emericella nidulans (strain FGSC A4 / ATCC 38163 / CBS 112.46 / NRRL 194 / M139)	Fungi	387	24
2099	Q5BGU9	Emericella nidulans (strain FGSC A4 / ATCC 38163 / CBS 112.46 / NRRL 194 / M139)	Fungi	366	18
2105	Q76CE8	Typhula ishikariensis	Fungi	243	20
2106	Q7M418	Oligobrachia mashikoi	Metazoa	163	16
2107	Q7Q7R8	Anopheles gambiae	Metazoa	89	29
2111	Q7YZS9	Conus virgo	Metazoa	67	26
2118	Q8T0W8	Gastrophysa atrocyanea	Metazoa	65	24
2119	Q8T0Y7	Aplysia californica	Metazoa	141	26
2122	Q8W257	Ptilota filicina	other	500	21
2124	Q945U0	Phytophthora sojae	other	257	28
2125	Q95P08	Scutigera coleoptrata	Metazoa	656	18
2128	Q9TRM8	Canis lupus familiaris	Metazoa	177	25
2130	Q9U8X3	Tachypleus tridentatus	Metazoa	67	23
2134	A0A0R4I951	Scolopendra dehaani	Metazoa	70	23
2135	A1X159	Perna viridis	Metazoa	431	20
2136	B0FHH8	Manduca sexta	Metazoa	151	18
2138	B1P0S1	Pseudopleuronectes americanus	Metazoa	218	23
2139	B2KNH9	Dendrobium findlayanum	Viridiplantae	167	24
2144	E9NX73	Fagopyrum tataricum	Viridiplantae	149	22
2147	O18994	Sus scrofa	Metazoa	219	21
2148	O46167	Eratigena agrestis	Metazoa	68	17
2151	P00651	Aspergillus oryzae (strain ATCC 42149 / RIB 40)	Fungi	130	26
2155	P01221	Cyprinus carpio	Metazoa	118	23
2161	P04552	Haliotis rufescens	Metazoa	154	18
2167	P0DQP8	Cerrophidion godmani	Metazoa	166	19
2175	P15196	Oryctolagus cuniculus	Metazoa	398	31
2179	P18417	Catharanthus roseus	Viridiplantae	352	31
2180	P20757	Ovis aries	Metazoa	476	24
2184	P29007	Bombina orientalis	Metazoa	155	31
2186	P32358	Bombyx mori	Metazoa	579	15
2188	P42578	Lymnaea stagnalis	Metazoa	239	18
2196	P62520	Chilobrachys guangxiensis	Metazoa	63	27
2202	P84843	Hybomitra bimaculata	Metazoa	76	20
2207	Q08127	Anguilla anguilla	Metazoa	147	20
2208	Q16927	Aedes aegypti	Metazoa	2169	46
2213	Q3C258	Actinia equina	Metazoa	70	20
2216	Q42502	Solanum tuberosum	Viridiplantae	386	23
2219	Q5B428	Emericella nidulans (strain FGSC A4 / ATCC 38163 / CBS 112.46 / NRRL 194 / M139)	Fungi	244	23
2221	Q5WPZ4	Lutzomyia longipalpis	Metazoa	115	22
2224	Q75WF2	Acanthaster planci	Metazoa	358	26
2225	Q76CA2	Monoplex parthenopeus	Metazoa	275	23
2226	Q76FP5	Hypocrea rufa	Fungi	479	20
2228	Q7SCE9	Neurospora crassa (strain ATCC 24698 / 74-OR23-1A / CBS 708.71 / DSM 1257 / FGSC 987)	Fungi	385	18
2229	Q86SC0	Oryctes rhinoceros	Metazoa	66	26
2232	Q8I7X1	Porcellio scaber	Metazoa	145	21
2233	Q8I948	Acanthoscurria gomesiana	Metazoa	156	23
2236	Q90W22	Aquarana catesbeiana	Metazoa	114	24
2238	Q94637	Oscheius tipulae	Metazoa	1648	15
2239	Q95NK7	Olivierus martensii	Metazoa	54	23
2242	Q99013	Pseudopleuronectes americanus	Metazoa	82	23
2247	Q9U8D1	Olivierus martensii	Metazoa	56	28
2252	B2NHN2	Talaromyces funiculosus	Fungi	339	20
2256	E0XKJ9	Tabanus yao	Metazoa	349	25
2259	L8BRS3	Morus alba	Viridiplantae	209	18
2265	P01038	Gallus gallus	Metazoa	139	23
2266	P01068	Ananas comosus	Viridiplantae	246	19
2276	P02809	Macaca fascicularis	Metazoa	61	19
2282	P0DUS6	Doratifera vulnerans	Metazoa	60	24
2290	P19594	Glycine max	Viridiplantae	158	21
2292	P20656	Saponaria officinalis	Viridiplantae	299	24
2293	P21828	Bombyx mori	Metazoa	262	16
2299	P24792	Cucurbita maxima	Viridiplantae	579	30
2300	P25033	Hyalophora cecropia	Metazoa	413	19
2301	P26732	Bombyx mori	Metazoa	92	19
2305	P34746	Oreochromis mossambicus	Metazoa	204	17
2310	P69241	Raphanus sativus	Viridiplantae	80	29
2318	Q05091	Pyrus communis	Viridiplantae	330	24
2319	Q1HAY7	Holotrichia diomphalia	Metazoa	317	23
2322	Q29422	Ovis aries	Metazoa	333	20
2323	Q2U4L7	Aspergillus oryzae (strain ATCC 42149 / RIB 40)	Fungi	690	20
2327	Q5EPH2	Rhipicephalus bursa	Metazoa	97	22
2328	Q5KQS1	Gloydius blomhoffii	Metazoa	324	19
2335	Q6RG02	Penaeus merguiensis	Metazoa	2586	18
2343	Q8T9R8	Stomoxys calcitrans	Metazoa	67	24
2346	Q94733	Rhodnius prolixus	Metazoa	202	23
2348	Q95NJ8	Olivierus martensii	Metazoa	55	23
2349	Q9GU69	Lymnaea stagnalis	Metazoa	64	21
2352	Q9MYV1	Canis lupus familiaris	Metazoa	128	25
2361	O95157	Homo sapiens	Metazoa	252	22
2363	Q6UWI4	Homo sapiens	Metazoa	295	33
2365	Q6UWJ8	Homo sapiens	Metazoa	174	29
2367	Q6UWY5	Homo sapiens	Metazoa	402	28
2368	Q6XE38	Homo sapiens	Metazoa	83	21
2369	Q6UW10	Homo sapiens	Metazoa	78	19
2370	Q9NRC9	Homo sapiens	Metazoa	128	17
2371	Q7Z5L0	Homo sapiens	Metazoa	202	24
2372	Q9NRR1	Homo sapiens	Metazoa	136	22
2373	P01174	Rattus norvegicus	Metazoa	137	19
2377	Q8MJV4	Bos taurus	Metazoa	122	24
2378	Q9Z0M9	Mus musculus	Metazoa	193	28
2380	A9UGV5	Oryza sativa subsp. japonica	Viridiplantae	68	30
2387	Q27967	Bos taurus	Metazoa	203	23
2389	D3Z9M3	Rattus norvegicus	Metazoa	109	16
2390	O62644	Bos taurus	Metazoa	151	18
2395	Q6ASY2	Oryza sativa subsp. japonica	Viridiplantae	178	26
2400	P00996	Bos taurus	Metazoa	79	23
2401	P29421	Oryza sativa subsp. japonica	Viridiplantae	200	22
2402	P55955	Caenorhabditis elegans	Metazoa	132	19
2403	Q653V7	Oryza sativa subsp. japonica	Viridiplantae	885	33
2404	Q6Z232	Oryza sativa subsp. japonica	Viridiplantae	146	42
2405	A9UGV6	Oryza sativa subsp. japonica	Viridiplantae	61	26
2409	P05367	Mus musculus	Metazoa	122	19
2410	P15270	Dictyostelium discoideum	other	424	23
2411	P25068	Bos taurus	Metazoa	64	26
2413	P81623	Bos taurus	Metazoa	258	29
2415	Q20224	Caenorhabditis elegans	Metazoa	161	19
2418	A0A023W145	Ethmostigmus rubripes	Metazoa	88	24
2423	B9A8D7	Crassostrea virginica	Metazoa	85	18
2428	O00105	Aspergillus niger	Fungi	564	19
2429	O14412	Orpinomyces sp. (strain PC-2)	Fungi	245	29
2430	O62605	Galleria mellonella	Metazoa	218	16
2438	P01538	Viscum album	Viridiplantae	111	26
2440	P04706	Zea mays	Viridiplantae	223	19
2442	P07529	Naganishia albida	Fungi	332	21
2443	P07712	Aplysia californica	Metazoa	112	23
2445	P0DL40	Vespa magnifica	Metazoa	67	21
2448	P0DPU8	Scolopendra dehaani	Metazoa	105	24
2449	P0DQB8	Scolopendra dehaani	Metazoa	73	20
2450	P0DSJ6	Myrmecia gulosa	Metazoa	62	24
2452	P10675	Schistocerca americana	Metazoa	662	24
2455	P13691	Hordeum vulgare	Viridiplantae	152	30
2462	P20462	Notamacropus eugenii	Metazoa	176	18
2465	P27275	Amaranthus caudatus	Viridiplantae	86	25
2470	P43077	Candida albicans	Fungi	562	22
2474	P80961	Myoxocephalus octodecemspinosus	Metazoa	128	20
2478	P81999	Canis lupus familiaris	Metazoa	358	22
2479	P82143	Gloydius brevicaudus siniticus	Metazoa	200	19
2480	P83234	Ophiophagus hannah	Metazoa	190	20
2485	P86929	Metaphire guillelmi	Metazoa	73	14
2487	Q00945	Lymnaea stagnalis	Metazoa	155	26
2488	Q02126	Hordeum vulgare	Viridiplantae	330	25
2493	Q06KA2	Phlebotomus duboscqi	Metazoa	249	19
2495	Q08738	Bombyx mori	Metazoa	239	16
2496	Q09117	Populus deltoides	Viridiplantae	312	24
2499	Q24824	Entamoeba histolytica (strain ATCC 30459 / HM-1:IMSS / ABRM)	other	96	19
2500	Q25589	Faxonius limosus	Metazoa	135	26
2503	Q29381	Sus scrofa	Metazoa	439	25
2504	Q4WZ11	Aspergillus fumigatus (strain ATCC MYA-4609 / CBS 101355 / FGSC A1100 / Af293)	Fungi	87	19
2509	Q8JFQ0	Bombina maxima	Metazoa	96	19
2510	Q8MI35	Sus scrofa	Metazoa	152	32
2512	Q8MVA6	Ixodes scapularis	Metazoa	69	23
2513	Q8T4J9	Manduca sexta	Metazoa	180	15
2514	Q8WQK0	Cotesia rubecula	Metazoa	65	23
2522	Q9PVW8	Silurus asotus	Metazoa	308	23
2524	Q9SLP4	Tulipa saxatilis subsp. bakeri	Viridiplantae	314	26
2526	A0A1S6EK92	Moringa oleifera	Viridiplantae	79	20
2527	A4LAR6	Grifola frondosa	Fungi	107	24
2528	A7L035	Chironex fleckeri	Metazoa	456	20
2536	F2QXM5	Komagataella phaffii (strain ATCC 76273 / CBS 7435 / CECT 11047 / NRRL Y-11430 / Wegner 21-1)	Fungi	587	19
2540	P01364	Aplysia californica	Metazoa	108	23
2553	P0DPZ2	Scolopendra dehaani	Metazoa	101	23
2555	P10562	Canavalia gladiata	Viridiplantae	445	26
2557	P14214	Tachypleus tridentatus	Metazoa	77	23
2559	P14946	Lolium perenne	Viridiplantae	263	23
2563	P22327	Trichoplusia ni	Metazoa	624	18
2568	P25404	Mirabilis jalapa	Viridiplantae	63	27
2570	P26780	Sinapis alba	Viridiplantae	99	30
2571	P31420	Manduca sexta	Metazoa	274	18
2578	P45590	Hyalophora cecropia	Metazoa	129	17
2579	P49125	Latrodectus tredecimguttatus	Metazoa	88	18
2581	P58912	Phyllodiscus semoni	Metazoa	488	21
2584	P80915	Macadamia integrifolia	Viridiplantae	102	26
2586	P83472	Lumbricus terrestris	Metazoa	86	22
2593	Q02942	Blaberus discoidalis	Metazoa	726	16
2600	Q6IV20	Gallus gallus	Metazoa	104	22
2601	Q6T6C2	Theromyzon tessulatum	Metazoa	97	22
2605	Q867W1	Procambarus clarkii	Metazoa	76	27
2606	Q8HYA9	Sus scrofa	Metazoa	185	20
2611	Q90WJ9	Takifugu pardalis	Metazoa	391	20
2616	Q9UAH3	Pinctada fucata	Metazoa	129	23
2622	B0JFB8	Antheraea mylitta	Metazoa	105	19
2629	E0XKJ8	Tabanus yao	Metazoa	256	16
2634	I6S390	Scolopendra mutilans	Metazoa	76	22
2635	O76537	Trichoplusia ni	Metazoa	182	16
2636	P00719	Struthio camelus	Metazoa	204	19
2638	P02896	Trypanosoma brucei brucei	other	526	33
2639	P03998	Limulus polyphemus	Metazoa	195	20
2642	P0DPU3	Scolopendra dehaani	Metazoa	577	25
2644	P0DUQ6	Conus planorbis	Metazoa	70	21
2645	P0DUS7	Doratifera vulnerans	Metazoa	56	19
2646	P11919	Manduca sexta	Metazoa	88	26
2650	P15570	Phytophthora cryptogea	other	118	20
2652	P18684	Protophormia terraenovae	Metazoa	101	18
2653	P20797	Antheraea polyphemus	Metazoa	163	21
2654	P21814	Ovis aries	Metazoa	429	25
2655	P26202	Oryctolagus cuniculus	Metazoa	137	20
2656	P28770	Oncorhynchus mykiss	Metazoa	221	21
2659	P34951	Hordeum vulgare	Viridiplantae	143	24
2661	P35777	Solenopsis invicta	Metazoa	137	19
2663	P35785	Vespula pensylvanica	Metazoa	227	23
2667	P55847	Penaeus japonicus	Metazoa	105	28
2670	P68248	Gallus gallus	Metazoa	80	25
2672	P69770	Conus marmoreus	Metazoa	94	25
2674	P80686	Tenebrio molitor	Metazoa	211	16
2676	P81295	Juniperus ashei	Viridiplantae	225	26
2677	P81511	Hirudo medicinalis	Metazoa	81	15
2678	P82103	Mytilus galloprovincialis	Metazoa	96	20
2679	P86009	Dromaius novaehollandiae	Metazoa	238	17
2680	P91745	Lucilia cuprina	Metazoa	375	20
2683	Q03383	Bombyx mori	Metazoa	400	16
2687	Q25055	Holotrichia diomphalia	Metazoa	104	20
2688	Q25255	Lucilia cuprina	Metazoa	356	23
2690	Q27270	Tenebrio molitor	Metazoa	96	18
2691	Q39688	Daucus carota	Viridiplantae	389	24
2693	Q42656	Coffea arabica	Viridiplantae	378	15
2694	Q43413	Capsicum annuum	Viridiplantae	75	27
2697	Q56S59	Nicotiana tabacum	Viridiplantae	150	23
2698	Q5D710	Scylla serrata	Metazoa	126	24
2699	Q5G8A6	Tityus costatus	Metazoa	87	19
2700	Q64HC7	Armadillidium vulgare	Metazoa	73	19
2701	Q6F4C6	Pinctada fucata	Metazoa	121	16
2703	Q6T6C1	Theromyzon tessulatum	Metazoa	107	21
2708	Q86R84	Dermatophagoides farinae	Metazoa	462	25
2712	Q9NBW4	Theromyzon tessulatum	Metazoa	101	19
2714	Q9ZT66	Zea mays	Viridiplantae	303	43
2715	A0A1W6EVM7	Ampulex compressa	Metazoa	50	26
2719	C0HLA0	Chamaecyparis obtusa	Viridiplantae	556	28
2726	K9N4Q4	Phlebotomus papatasi	Metazoa	246	23
2735	P02230	Chironomus thummi thummi	Metazoa	151	15
2738	P07439	Megabalanus rosa	Metazoa	162	24
2739	P07457	Zoarces americanus	Metazoa	87	22
2740	P0C1X6	Tityus discrepans	Metazoa	62	26
2745	P0DQE1	Scolopendra dehaani	Metazoa	109	23
2746	P0DUS5	Doratifera vulnerans	Metazoa	57	24
2747	P0DUT0	Doratifera vulnerans	Metazoa	46	19
2755	P23438	Canis lupus familiaris	Metazoa	183	17
2759	P31608	Sagittaria sagittifolia	Viridiplantae	181	24
2760	P33577	Petromyzon marinus	Metazoa	119	19
2764	P39037	Sus scrofa	Metazoa	232	15
2765	P42256	Aspergillus niger	Fungi	321	19
2768	P48842	Aspergillus aculeatus	Fungi	350	16
2771	P67788	Manduca sexta	Metazoa	65	19
2772	P80392	Meleagris gallopavo	Metazoa	64	28
2773	P81492	Hirudinaria manillensis	Metazoa	84	20
2775	P82187	Equus caballus	Metazoa	185	20
2776	P82900	Triticum aestivum	Viridiplantae	96	29
2779	Q01528	Limulus polyphemus	Metazoa	172	19
2782	Q09022	Xenopus laevis	Metazoa	84	18
2784	Q27441	Aplysia californica	Metazoa	92	21
2787	Q40975	Papaver rhoeas	Viridiplantae	139	19
2790	Q43871	Hordeum vulgare	Viridiplantae	115	25
2791	Q50KB1	Emiliania huxleyi	other	223	17
2792	Q589G4	Anoplius samariensis	Metazoa	75	17
2794	Q5GQ85	Argas reflexus	Metazoa	159	16
2797	Q70SU7	Salvelinus alpinus	Metazoa	342	19
2799	Q7Z0T3	Aplysia californica	Metazoa	125	22
2801	Q8J0D2	Geotrichum sp. (strain M128)	Fungi	812	23
2804	Q95UE8	Lucilia cuprina	Metazoa	220	19
2810	A7VN15	Protobothrops flavoviridis	Metazoa	79	19
2817	G9M8X1	Nephotettix cincticeps	Metazoa	687	19
2820	O96059	Bombyx mori	Metazoa	66	24
2821	P01076	Solanum lycopersicum	Viridiplantae	77	32
2827	P08375	Sarcophaga peregrina	Metazoa	63	23
2832	P0DPU7	Scolopendra dehaani	Metazoa	78	25
2833	P0DPU9	Myrmecia gulosa	Metazoa	67	25
2837	P0DQC1	Scolopendra dehaani	Metazoa	92	20
2838	P0DUS8	Doratifera vulnerans	Metazoa	59	17
2841	P14217	Chlamydomonas reinhardtii	Viridiplantae	647	21
2849	P23044	Robillarda sp. (strain Y-20)	Fungi	385	17
2853	P27613	Trichostrongylus colubriformis	Metazoa	173	15
2855	P31419	Manduca sexta	Metazoa	161	20
2858	P35578	Zootoca vivipara	Metazoa	172	21
2860	P55057	Oryctolagus cuniculus	Metazoa	124	27
2865	P81941	Pseudopleuronectes americanus	Metazoa	68	22
2868	P83508	Cavia porcellus	Metazoa	170	16
2873	Q06K61	Phlebotomus duboscqi	Metazoa	516	20
2875	Q06KA5	Phlebotomus duboscqi	Metazoa	142	20
2878	Q29W25	Crocus sativus	Viridiplantae	168	26
2879	Q53B52	Ophiophagus hannah	Metazoa	78	21
2887	Q8MUP7	Ixodes scapularis	Metazoa	102	21
2890	Q9GSA4	Galleria mellonella	Metazoa	113	19
2892	Q9LLT1	Juniperus virginiana	Viridiplantae	367	21
2895	W1I921	Achatina achatina	Metazoa	184	26
2903	P82384	Drosophila melanogaster	Metazoa	92	16
2906	P81827	Rattus norvegicus	Metazoa	101	21
2911	P15450	Apis mellifera	Metazoa	53	19
2912	P21978	Leishmania amazonensis	other	476	32
2913	P27919	Avena sativa	Viridiplantae	214	28
2916	Q8MMH0	Pimpla hypochondriaca	Metazoa	109	21
2917	Q8T0W1	Pimpla hypochondriaca	Metazoa	115	22
2918	Q8T0W3	Pimpla hypochondriaca	Metazoa	63	25
2919	Q8T113	Bombyx mori	Metazoa	227	17
2921	A0A0F7YYX3	Conus victoriae	Metazoa	196	25
2922	A1XCI9	Fusarium culmorum	Fungi	191	18
2926	P86872	Margaritifera margaritifera	Metazoa	260	19
2928	Q7Z1K3	Anisakis simplex	Metazoa	194	23
2931	B3STN7	Nosema bombycis (strain CQ1 / CVCC 102059)	Fungi	316	18
2932	O02380	Tyrophagus putrescentiae	Metazoa	141	15
2933	O76192	Galleria mellonella	Metazoa	167	17
2934	P43174	Ambrosia psilostachya	Viridiplantae	77	22
2935	Q0ZS87	Phlebotomus perniciosus	Metazoa	393	18
2937	Q9TT95	Sus scrofa	Metazoa	120	22
2939	B3STN5	Nosema bombycis (strain CQ1 / CVCC 102059)	Fungi	278	19
2940	E0X9F6	Thaumetopoea pityocampa	Metazoa	126	18
2941	P05560	Dromaius novaehollandiae	Metazoa	207	23
2942	P0DMD3	Scolopendra mutilans	Metazoa	105	21
2943	P42579	Lymnaea stagnalis	Metazoa	100	23
2945	Q00802	Bombyx mori	Metazoa	256	17
2948	Q39962	Hevea brasiliensis	Viridiplantae	238	31
2949	Q7M3V1	Chelonus sp. nr. curvimaculatus	Metazoa	246	20
2950	Q8MMH5	Pimpla hypochondriaca	Metazoa	61	20
2954	I6RA76	Scolopendra mutilans	Metazoa	64	18
2956	P91629	Drosophila miranda	Metazoa	126	16
